feature,mean_abs_shap
crew_tox_perf,1.2368086281508883
is_missing_fuel_on_board,0.2944311847637217
afm_hrs_since,0.27823548797518105
wx_src_iic_WFAC,0.2597521197832158
latlong_acq,0.2064135259168889
fuel_on_board_l_log,0.1956831673274783
ev_nr_apt_loc,0.14076600993265123
cert_max_gr_wt_kg_log,0.12820907036718826
far_part_121,0.12341755144443618
noaa_dist_km,0.11715293946631393
med_crtf_vldty_WWL,0.11644749500154605
second_pilot,0.11138505799893422
ev_year,0.10811920050073759
apt_elev_m,0.09948141283387163
crew_category_PASS,0.095574856702594
is_missing_crew_age,0.08032253738447977
is_missing_afm_hrs_last_insp,0.07829571620652198
rwy_len_m_log,0.07674437060763
maintenance_ratio,0.07437531932783946
noaa_temp_min_c,0.0729686351413352
total_seats,0.07125694583283611
wx_obs_elev_m,0.07113006908559728
acft_age,0.07068816829891844
wx_obs_dist_km,0.06305094205151475
rwy_width_m,0.06279478007823663
type_fly_INST,0.060310603594385566
is_imc,0.05946347814897558
noaa_slp_hpa,0.057977462260590376
td_spread,0.052872274307602586
noaa_gust_knots,0.05197813322852798
is_missing_acft_year,0.051658510083579114
gust_excess,0.04944251906316277
apt_dist_km,0.04938557067211857
noaa_temp_c,0.048485688097604625
pc_profession_Yes,0.045330418101710644
restraint_used_U,0.044919888629714334
noaa_temp_max_c,0.04405124802161442
wx_obs_time,0.042330249954050596
dprt_pt_same_ev_S,0.04136621365447509
far_part_137,0.04046067808254661
wind_vel_kts,0.040381371085997264
crew_category_PLT,0.04029965319280429
sky_nonceil_ht_m,0.040007024124880754
month_sin,0.03956679082463746
noaa_prcp_mm,0.038820068650547795
dow_cos,0.03784276007761475
seat_occ_pic_LEFT,0.037408777646827845
num_eng,0.035311078849426504
wind_dir_deg,0.03488365969452392
afm_hrs_log,0.03462880118823015
crew_age,0.0345715080843832
elt_type_C91,0.03352359326535693
ev_state_CA,0.032267436393019246
homebuilt,0.031396616423273634
altimeter_hpa,0.030978604160975826
noaa_wind_knots,0.02899620087229745
wx_dew_pt_c,0.02857529007338832
hour_cos,0.028343746424432274
sky_ceil_ht_m,0.027545518097414765
noaa_maxwind_knots,0.027480927094945914
seat_occ_pic_UNK,0.02664740725944554
afm_hrs_last_insp,0.0265310131556822
ev_state_CO,0.02541687105799253
elt_type_UNK,0.025107416133374538
ev_state_FL,0.024642940324854423
fixed_retractable_RETR,0.024168805250879586
hour_sin,0.023387080474928865
med_crtf_vldty_UNK,0.02325561317007688
wx_temp_c,0.023207347342487205
pax_seats,0.021865387676954694
wx_src_iic_WIT,0.0216359963979804
month_cos,0.02134112796527165
acft_make_grouped_CESSNA,0.021034834784419684
noaa_visib_km,0.020779689314446546
med_certf_CL3,0.018272326378144313
dow_sin,0.018195606688566762
elt_oper,0.017857043060243466
acft_make_grouped_ROBINSON,0.015811906783684024
acft_make_grouped_OTHER,0.014341887746230778
type_last_insp_ANNL,0.014108892935619753
sky_cond_nonceil_SCAT,0.013779414645464198
med_certf_CL1,0.013371951541096872
pilot_flying,0.012983543715784132
vis_km,0.012949141559954472
fc_seats,0.012818454009470629
flt_plan_filed_UNK,0.012758624432463206
crew_category_PRPS,0.01262386254038091
is_missing_pax_seats,0.012462552561189196
type_fly_PERS,0.01237093338845584
med_certf_UNK,0.012265763501129416
available_restraint_L,0.011795194509845194
med_crtf_limit_MUST_WEAR_CORRECTIVE_LENSES,0.011507377837148098
light_cond_NDRK,0.01139651758537763
elt_install,0.010383084592380961
ev_season_winter,0.009869542885739465
seat_occ_pic_REAR,0.008905497046546907
acft_category_HELI,0.008443461816270701
ev_state_MA,0.008084590157432986
type_fly_OWRK,0.007214313190950743
med_crtf_limit_NONE,0.007179419484173782
type_fly_AOBV,0.006685700169270561
adverse_weather,0.006621852723659945
sky_cond_nonceil_FEW,0.006581604107872955
sky_cond_nonceil_OVCT,0.006517953201520816
available_restraint_5,0.006371360164139055
flight_plan_activated_Y,0.006215905559900165
type_last_insp_UNK,0.005792055592003354
is_missing_afm_hrs,0.005762951952982719
infl_rest_inst_Y,0.005746091051486975
med_crtf_vldty_WOWL,0.005742111585417486
sky_cond_ceil_NONE,0.005740654568267528
ev_state_IL,0.005658345212008717
type_fly_SKYD,0.0050511281701846695
acft_make_grouped_BOEING,0.004969562660894203
ev_season_summer,0.004675547329369552
dprt_pt_same_ev_UNKNOWN,0.004587512612110928
ev_state_HI,0.004490554719492187
crew_category_DSTU,0.0042863625658719345
noaa_fog,0.004075787829500553
noaa_thunder,0.003965819735352225
far_part_135,0.003917440029271981
acft_make_grouped_CHAMPION,0.0038766531158911793
elt_type_C91A,0.0038020707763333716
restraint_used_L,0.0037311392326099696
seat_occ_pic_NONE,0.003704806560842661
flt_plan_filed_NONE,0.003640469708379816
gust_ind,0.0035532370082401983
gust_kts,0.0030312939314919548
ev_season_spring,0.00298409577058848
ev_state_KS,0.002972171044556776
dprt_pt_same_ev_U,0.0028184807427075746
flight_plan_activated_U,0.0026744816319536173
dprt_pt_same_ev_Y,0.0026548103189023534
flt_plan_filed_IFR,0.0026136955513999596
ev_state_PA,0.0024723444995316804
ev_state_MD,0.002401922123044337
light_cond_DAYL,0.0023883584206222308
ev_state_LA,0.002387677864513413
ev_state_OR,0.002331791874568575
wind_dir_ind,0.0022402069454906734
fog_risk,0.002236360038553148
ev_state_AZ,0.0021122745467895823
med_certf_NONE,0.0020352546896838307
ev_state_SD,0.0020307677894047965
flt_plan_filed_VFR,0.002006223161596493
ev_state_MS,0.0019863197289693795
ev_state_TX,0.0019272722262830447
type_last_insp_COND,0.0018854218830758735
ev_state_CT,0.0018753331125853276
acft_make_grouped_BEECH,0.0018628745363156913
restraint_used_4,0.0017685824564086833
noaa_rain,0.0017458062571971452
ev_state_NE,0.0016837571817163537
seat_occ_pic_RGT,0.0016806400824720155
ev_state_MI,0.001646832619743707
sky_cond_ceil_OVC,0.0016073586036489415
restraint_used_5,0.0015778421597146199
type_fly_FLTS,0.001546509095155636
is_missing_rwy_len,0.001457032507390802
acft_make_grouped_PIPER,0.001410265665484511
available_restraint_U,0.0013919106659797489
ev_state_AL,0.001354010073820673
restraint_used_N,0.0013125557710210885
med_crtf_limit_Must_have_available_glasses_for_near_vision,0.001254461460884014
ev_state_TN,0.0012443808991312363
seat_occ_pic_SNGL,0.0012305992626475493
crew_category_OTHR,0.0011794633076736359
seat_occ_pic_FRT,0.0011532818225869275
type_fly_BUS,0.0010715696477435696
acft_make_grouped_AIRBUS,0.0010455546204930655
crew_category_CPLT,0.0010405712133169313
med_crtf_limit_Glasses,0.0010395371954919905
med_crtf_limit_MUST_WEAR_CORRECTIVE_LENSES_FOR_NEAR_AND_DISTANT_VISION_,0.0010355225410972775
available_restraint_N,0.0010120807303515113
type_fly_ASHO,0.0009594240766430564
far_part_PUBU,0.0009066750665579241
acft_make_grouped_SCHWEIZER,0.0008942071805303096
acft_category_WSFT,0.0008623539393985166
light_cond_NITE,0.0008418048594927977
ev_state_NH,0.00080261804701713
is_missing_wind_vel_kts,0.0007957545104652815
type_last_insp_COAW,0.0007739638097678104
ev_state_ID,0.0007119793650337235
is_missing_rwy_width,0.00070386996970429
ev_state_NY,0.0006144068301341273
ev_state_WA,0.0005779010322298282
med_crtf_limit_Must_wear_corrective_lenses,0.0004476154421063484
ev_state_UT,0.0004390044935296524
ev_state_WI,0.00042135114214518043
ev_state_OK,0.0004145676776761932
ev_state_GA,0.00041033401042240604
available_restraint_4,0.00040931375465130056
med_certf_SPRT,0.0003974910347461461
acft_make_grouped_LUSCOMBE,0.0003940688969665144
infl_rest_inst_U,0.000368501307050113
type_fly_FERY,0.00036581287241784595
ev_state_MT,0.0003508751629676141
med_crtf_limit_none,0.0003366550747689556
ev_state_IN,0.00033525836553344814
far_part_133,0.00031583273462308095
acft_make_grouped_BOMBARDIER,0.0003076257818475734
acft_make_grouped_HUGHES,0.00030489997312506406
med_certf_CL2,0.0002866432426176075
wind_vel_ind,0.0002773975043615111
ev_state_MN,0.000274945507744701
type_last_insp_AAIP,0.0002709141927945801
acft_make_grouped_BELL,0.0002629743079838705
med_crtf_limit_MUST_WEAR_CORRECTIVE_LENSES__1,0.0002624039967741014
ev_state_NC,0.0002566563806999029
acft_category_BALL,0.00024433543063393594
crew_sex,0.00024146505742266683
med_crtf_limit_Must_Wear_Corrective_Lenses,0.00019407411572455114
pc_profession_UNK,0.00019297939428545387
acft_make_grouped_CIRRUS,0.0001793897458578487
med_crtf_limit_Must_wear_corrective_lenses__1,0.00016932502626039385
light_cond_DUSK,0.00016590177631452765
ev_state_WV,0.00016203186187467862
type_fly_PUBF,0.00013938349354471899
type_fly_GLDT,0.0001377109327305732
ev_state_AR,0.00012207513512159452
type_fly_BUS_,0.00010922335211407128
crew_category_FLTI,0.0001089124931121497
ev_state_MO,9.618282496449795e-05
ev_state_NJ,8.115392016798047e-05
ev_state_KY,6.87868528461345e-05
acft_make_grouped_VANS,6.518250609473817e-05
med_crtf_vldty_NONE,5.134429010528422e-05
type_fly_POSI,4.924429575455138e-05
med_crtf_limit_Corrective_lenses,3.686042617784009e-05
ev_state_RI,1.3005121236145819e-05
acft_make_grouped_EUROCOPTER,1.0061060117814006e-05
med_crtf_limit_None_,9.270516497566758e-06
type_fly_EXLD,8.875066131047223e-06
type_fly_FIRF,7.770533617916378e-06
ev_state_DE,4.295007759745211e-06
med_crtf_limit_Must_use_corrective_lenses_to_meet_vision_standards_at_all_distances_,0.0
med_crtf_limit_Must_wear_corrective_lenses__possess_glasses_for_near_intermediate_vision__,0.0
med_crtf_limit_Must_wear_corrective_lenses__possess_glasses_for_near_intermediate_vision_,0.0
med_crtf_limit_Must_wear_corrective_lenses__,0.0
med_crtf_limit_Must_wear_corrective_lenses__possess_glasses_for_near_intermediate_vision,0.0
med_crtf_limit_Must_wear_corrective_lenses__Must_use_hearing_amplification_,0.0
med_crtf_limit_Must_wear_corrective_lenses__posses_glasses_for_near_intermediate_vision_,0.0
med_crtf_limit_Must_wear_corrective_lenses__Not_valid_for_any_class_after_04_30_2019_,0.0
med_crtf_limit_Must_wear_corrective_lenses__Not_valid_for_any_class_after_10_31_2016_,0.0
med_crtf_limit_Must_wear_corrective_lens_es__to_meet_vision_standards_at_all_required_distances_,0.0
med_crtf_limit_Must_wear_corrective_lenses__Not_valid_for_any_class_after_10_31_2018_,0.0
med_crtf_limit_Must_wear_corrective_lenses__Not_valid_for_any_class_after_,0.0
med_crtf_limit_Must_wear_corrective_lenses__Not_valid_for_night_flying_or_by_color_signal_control_,0.0
med_crtf_limit_Must_wear_corrective_lenses__Possess_glasses_for_near_intermediate_vision_,0.0
med_crtf_limit_Must_wear_corrective_lenses__posses_glasses_for_near_intermediate_vision,0.0
med_crtf_limit_Must_wear_glasses,0.0
med_crtf_limit_Must_wear_glasses_for_near_vision,0.0
med_crtf_limit_Must_wear_glasses_for_near_vision_,0.0
med_crtf_limit_Must_wear_glasses_,0.0
med_crtf_limit_Must_wear_lenses,0.0
med_crtf_limit_Must_wear_lenses_for_distance_vision__have_glasses_for_near_vision_,0.0
med_crtf_limit_Must_wear_lenses_for_distance__have_glasses_for_near_vision,0.0
med_crtf_limit_Must_wear_lenses_for_distant_and_have_glasses_for_near_vision,0.0
med_crtf_limit_Must_use_corrective_lenses_to_meet_vision_standards_at_all_required_distances,0.0
med_crtf_limit_Must_wear_corrective_lenses_for_near_and_distant_vision__,0.0
med_crtf_limit_Must_wear_corrective_lenses_to_meet_vision_standards_at_all_required_distances_,0.0
med_crtf_limit_Must_wear_corrective_lenses_,0.0
med_crtf_limit_Must_wear_corrective_glasses,0.0
med_crtf_limit_Must_wear_corr__lenses_for_distant_vision_and_have_glasses_for_near_vision,0.0
med_crtf_limit_Must_wear_contact_lenses_,0.0
med_crtf_limit_Must_wear_contact_lenses,0.0
med_crtf_limit_Must_wear_Corrective_lenses,0.0
med_crtf_limit_Must_wear_Corrective_Lenses,0.0
med_crtf_limit_Must_use_hearing_amplification_,0.0
med_crtf_limit_Must_use_hearing_amplification,0.0
med_crtf_limit_Must_use_corrective_lenses__,0.0
med_crtf_limit_Must_use_corrective_lenses__1,0.0
med_crtf_limit_Must_wear_lenses_for_distant__have_glasses_for_near_vision,0.0
med_crtf_limit_Must_use_corrective_lenses_to_meet_vision_standards_at_all_required_distances__,0.0
med_crtf_limit_Must_use_corrective_lenses_to_meet_vision_standards_at_all_required_distances_,0.0
med_crtf_limit_Must_wear_corrective_lenses___possess_glasses_for_near_and_interim_vision_,0.0
med_crtf_limit_Must_wear_corrective_lenses_to_meet_vision_standards_at_all_required_distances,0.0
med_crtf_limit_Must_wear_corrective_lenses_and_possess_glasses_for_near_and_interim_vision_,0.0
med_crtf_limit_Must_wear_corrective_lenses_and_possess_glasses_for_near_and_intermediate_vision_,0.0
med_crtf_limit_Must_wear_corrective_lenses_and_possess_glasses_for_near_intermediate_vision,0.0
med_crtf_limit_Must_wear_corrective_lenses_for_distant_vision_and_have_glasses_for_near_vision,0.0
med_crtf_limit_Must_wear_corrective_lenses_for_distant_vision_and_have_glasses_for_near_vision_,0.0
med_crtf_limit_Must_wear_corrective_lenses_for_near_and_distance_vision,0.0
med_crtf_limit_Must_wear_corrective_lenses_for_near_and_distance_vision_,0.0
med_crtf_limit_Must_wear_corrective_lenses_for_near_and_distant_vision,0.0
med_crtf_limit_Must_wear_corrective_lenses_for_near_and_distant_vision_,0.0
med_crtf_limit_Must_wear_corrective_lens,0.0
med_crtf_limit_Must_wear_corrective_lenses_for_near_vision,0.0
med_crtf_limit_Must_wear_corrective_lenses_for_vision,0.0
med_crtf_limit_Must_wear_corrective_lenses_to_meet_vision_standards_at_all_distances,0.0
med_crtf_limit_Must_wear_lenses_for_distant_vision_,0.0
sky_cond_nonceil_UNK,0.0
med_crtf_limit_Must_wear_lenses_for_distant__have_glasses_for_near_vision_,0.0
med_crtf_limit_must_wear_glasses,0.0
med_crtf_limit_glasses_for_near_vision,0.0
med_crtf_limit_holder_shall_possess_glasses_for_near_intermediate_vision,0.0
med_crtf_limit_holder_shall_wear_corrective_lenses,0.0
med_crtf_limit_must_have_available_glasses_for_near_vision,0.0
med_crtf_limit_must_have_glasses_available_for_near_vision,0.0
med_crtf_limit_must_have_glasses_for_near_vision,0.0
med_crtf_limit_must_use_corrective_lenses,0.0
med_crtf_limit_must_use_corrective_lenses_to_meet_vision_standards_at_all_required_distances,0.0
med_crtf_limit_must_wear_corrective_lens,0.0
med_crtf_limit_must_wear_corrective_lenses,0.0
med_crtf_limit_must_wear_corrective_lenses_for_distant_vision_and_have_glasses_for_near_vision,0.0
med_crtf_limit_must_wear_corrective_lenses_for_near_and_distant_vision,0.0
med_crtf_limit_must_wear_corrective_lenses_for_near_and_distant_vision_,0.0
med_crtf_limit_must_wear_glasses_for_near_vision,0.0
med_crtf_limit_corrective_lenses_required,0.0
med_crtf_limit_wear_corrective_lenses,0.0
acft_category_UNK,0.0
med_crtf_limit_Must_use_corrective_lenses_,0.0
acft_category_ULTR,0.0
acft_category_RCKT,0.0
acft_category_PPAR,0.0
acft_category_PLFT,0.0
acft_category_GYRO,0.0
acft_category_GLI,0.0
extreme_temp,0.0
high_wind,0.0
poor_visibility,0.0
noaa_snow,0.0
med_crtf_limit_glasses,0.0
med_crtf_limit_corrective_lenses_for_near_vision,0.0
med_crtf_limit_Must_wear_lenses_for_distant__have_glasses_for_near_,0.0
med_crtf_limit_Not_valid_for_night_flying_or_by_color_signal_control,0.0
med_crtf_limit_NONE_,0.0
med_crtf_limit_NOT_VALID_FOR_ANY_CLASS_AFTER_,0.0
med_crtf_limit_NOT_VALID_FOR_NIGHT_FLYING_OR_BY_COLOR_SIGNAL_CONTROL_,0.0
med_crtf_limit_Near_vision_corrective_lenses,0.0
med_crtf_limit_Near_vision_corrective_lenses_,0.0
med_crtf_limit_Near_vision_glasses,0.0
med_crtf_limit_None__,0.0
med_crtf_limit_Not_valid_for_any_class_after_06_30_2024,0.0
med_crtf_limit_Not_valid_for_any_class_after_1_31_2019_,0.0
med_crtf_limit_Not_valid_for_any_class_after_9_30_2019,0.0
med_crtf_limit_Not_valid_for_any_class_after_,0.0
med_crtf_limit_Not_valid_for_any_class_after__Must_wear_corrective_lenses_,0.0
med_crtf_limit_Not_valid_for_flights_requiring_color_signal_control_during_daylight_hours_,0.0
med_crtf_limit_Not_valid_for_night_flying_or_by_color_signal_control_,0.0
med_crtf_limit_corrective_lenses_for_near_and_distant_vision,0.0
med_crtf_limit_Not_valid_for_night_flying_or_color_signal_control_,0.0
med_crtf_limit_Possess_glasses_for_near_vision,0.0
med_crtf_limit_Prescription_lenses,0.0
med_crtf_limit_Reading_glasses,0.0
med_crtf_limit_Special_Issuance,0.0
med_crtf_limit_UNK,0.0
med_crtf_limit_Unknown,0.0
med_crtf_limit_Vision,0.0
med_crtf_limit_Wear_Glasses,0.0
med_crtf_limit_Wear_corrective_lenses,0.0
med_crtf_limit_Wear_corrective_lenses_,0.0
med_crtf_limit_corrective_lens,0.0
med_crtf_limit_corrective_lenses,0.0
med_crtf_limit_Must_use_corrective_lenses_to_meet_vision_standards_at_all_distances,0.0
med_crtf_limit_Holder_shall_wear_corrective_lenses,0.0
med_crtf_limit_Must_use_corrective_lenses,0.0
type_fly_UNK_,0.0
med_crtf_limit_Available_glasses_for_near_vision,0.0
med_crtf_limit_Available_Glasses_for_Near_Vision,0.0
med_crtf_limit_76_NOT_VALID_FOR_ANY_CLASS_AFTER__02_MUST_WEAR_CORRECTIVE_LENSES,0.0
med_crtf_limit_04_MUST_WEAR_LENSES_FOR_DISTANT___POSSESS_GLASSES_FOR_NEAR_VISION,0.0
med_crtf_limit_02_MUST_WEAR_CORRECTIVE_LENSES,0.0
flt_plan_filed_VFIF,0.0
flt_plan_filed_MVFR,0.0
type_fly_UNK,0.0
med_crtf_limit_BasicMed,0.0
type_fly_PUBU,0.0
type_fly_PUBS,0.0
type_fly_PUBL,0.0
type_fly_EXEC,0.0
type_fly_BANT,0.0
type_fly_ADRP,0.0
far_part_UNK,0.0
med_crtf_limit_Basic_Med,0.0
med_crtf_limit_Corrective_Lens,0.0
far_part_NUSC,0.0
med_crtf_limit_Corrective_lenses_,0.0
med_crtf_limit_Glasses_for_near_vision,0.0
med_crtf_limit_Glasses_available_for_near_vision,0.0
med_crtf_limit_GLASSES,0.0
med_crtf_limit_Eye_glasses,0.0
med_crtf_limit_Expired,0.0
med_crtf_limit_English_Proficient,0.0
med_crtf_limit_Denied,0.0
acft_category_UNKNOWN,0.0
med_crtf_limit_Corrective_Lenses,0.0
med_crtf_limit_Corrective_lenses_required,0.0
med_crtf_limit_Corrective_lenses_for_near_and_distant_vision_,0.0
med_crtf_limit_Corrective_lenses_for_near_and_distant_vision,0.0
med_crtf_limit_Corrective_lens,0.0
med_crtf_limit_Corrective_glasses,0.0
med_crtf_limit_Corrective_Lenses_Required,0.0
med_crtf_limit_Corrective_Lenses_,0.0
far_part_NUSN,0.0
far_part_ARMF,0.0
med_crtf_limit_Glasses_for_near_vision_,0.0
acft_make_grouped_DE_HAVILLAND,0.0
ev_state_CB,0.0
acft_make_grouped_STINSON,0.0
acft_make_grouped_NORTH_AMERICAN,0.0
acft_make_grouped_MOONEY,0.0
acft_make_grouped_MAULE,0.0
acft_make_grouped_EMBRAER,0.0
acft_make_grouped_DIAMOND,0.0
acft_make_grouped_BELLANCA,0.0
ev_state_GM,0.0
acft_make_grouped_AIR_TRACTOR,0.0
light_cond_NR,0.0
med_crtf_vldty_WTLS,0.0
crew_category_KPLT,0.0
crew_category_FENG,0.0
sky_cond_ceil_VV,0.0
sky_cond_ceil_UNK,0.0
ev_state_DC,0.0
ev_state_IA,0.0
far_part_437,0.0
ev_state_VT,0.0
far_part_129,0.0
far_part_125,0.0
light_cond_NBRT,0.0
far_part_107,0.0
far_part_103,0.0
far_part_091K,0.0
ev_state_WY,0.0
ev_state_VA,0.0
ev_state_ME,0.0
ev_state_SC,0.0
ev_state_PR,0.0
ev_state_OH,0.0
ev_state_OF,0.0
ev_state_NV,0.0
ev_state_NM,0.0
ev_state_ND,0.0
med_crtf_limit_Glasses_for_near_vision_available,0.0
med_crtf_limit_Glasses_for_near_intermediate_vision,0.0
med_crtf_limit_Must_use_corrective_lens_es__to_meet_vision_standards_at_all_required_distances__,0.0
med_crtf_limit_Must_have_available_galsses_for_near_vision,0.0
med_crtf_limit_Must_have_available_glasses_for_near_vision__Must_wear_corrective_lenses_,0.0
med_crtf_limit_Must_have_available_glasses_for_near_vision__Must_use_hearing_amplification_,0.0
med_crtf_limit_Must_have_available_glasses_for_near_vision__,0.0
med_crtf_limit_Must_have_available_glasses_for_near_vision__1,0.0
med_crtf_limit_Must_have_available_glasses_for_near_vision_,0.0
med_crtf_limit_Must_have_available_glasses_for_Near_Vision,0.0
med_crtf_limit_Must_have_available_glasses,0.0
med_crtf_limit_Must_available_glasses_for_near_vision,0.0
med_crtf_limit_Must_have_available_glasses_for_near_vision__Not_valid_for_night_flying_or_by_color_signal_control_,0.0
med_crtf_limit_Must_Wear_corrective_lenses,0.0
med_crtf_limit_Must_Wear_Glasses,0.0
med_crtf_limit_Must_Wear_Corrective_lenses,0.0
med_crtf_limit_Must_Wear_Corrective_Lenses_,0.0
med_crtf_limit_Must_Wear_Corrective_Lenses_for_Near_and_Distant_Vision,0.0
med_crtf_limit_Must_Use_Corrective_Lenses,0.0
med_crtf_limit_Must_Have_Available_Glasses_for_Near_Vision,0.0
med_crtf_limit_Must_have_available_glasses_for_near_vision__Not_valid_for_any_class_after_,0.0
med_crtf_limit_Must_have_available_glasses_for_vision_,0.0
med_crtf_limit_MUST_WEAR_CORRECTIVE_LENSES__NOT_VALID_FOR_ANY_CLASS_AFTER_,0.0
med_crtf_limit_Must_have_glasses_for_near_vision,0.0
med_crtf_limit_Must_use_corrective_lens_es__to_meet_vision_standards_at_all_required_distances_,0.0
med_crtf_limit_Must_use_corrective_lens_es__to_meet_vision_standards_at_all_required_distances,0.0
med_crtf_limit_Must_use_corrective_lens__ea__to_meet_vision_standards_at_all_required_distances,0.0
med_crtf_limit_Must_possess_glasses_for_near_vision,0.0
med_crtf_limit_Must_possess_corrective_lenses,0.0
med_crtf_limit_Must_have_glasses_for_near_vision_,0.0
med_crtf_limit_Must_have_glasses_for_near_vision_available,0.0
med_crtf_limit_Must_have_glasses_available_,0.0
med_crtf_limit_Must_have_available_lenses_for_near_vision,0.0
med_crtf_limit_Must_have_glasses_available_for_near_vision__,0.0
med_crtf_limit_Must_have_glasses_available_for_near_vision_,0.0
med_crtf_limit_Must_have_glasses_available_for_near_vision,0.0
med_crtf_limit_Must_have_glasses_available,0.0
med_crtf_limit_Must_have_corrective_lenses_,0.0
med_crtf_limit_Must_have_corrective_lenses,0.0
med_crtf_limit_Must_have_available_near_vision_glasses,0.0
med_crtf_limit_Must_Have_Available_Glasses_For_Near_Vision,0.0
med_crtf_limit_MUST_WEAR_CORRECTIVE_LENSES___NOT_VALID_FOR_NIGHT_FLYING_OR_BY_COLOR_SIGNAL_CONTROL_,0.0
med_crtf_limit_Glasses_for_near_intermediate_vision_,0.0
med_crtf_limit_Holder_shall_possess_glasses_for_near_and_intermediate_vision,0.0
med_crtf_limit_MUST_HAVE_AVAILABLE_GLASSES_FOR_NEAR_VISION__,0.0
med_crtf_limit_MUST_HAVE_AVAILABLE_GLASSES_FOR_NEAR_VISION_,0.0
med_crtf_limit_MUST_HAVE_AVAILABLE_GLASSES_FOR_NEAR_VISION,0.0
med_crtf_limit_Holder_shall_possess_glasses_that_correct_for_near_and_intermediate_vision,0.0
med_crtf_limit_Holder_shall_possess_glasses_for_near_intermediate_vision_,0.0
med_crtf_limit_Holder_shall_possess_glasses_for_near_intermediate_vision,0.0
med_crtf_limit_Holder_shall_possess_glasses_for_near_and_intermediate_vision_,0.0
med_crtf_limit_Holder_shall_possess_glasses_for_near___intermediate_vision_,0.0
med_crtf_limit_MUST_HAVE_AVAILABLE_GLASSES_FOR_NEAR_VISION___NOT_VALID_FOR_ANY_CLASS_AFTER,0.0
med_crtf_limit_Holder_shall_possess_glasses_for_near___intermediate_vision,0.0
med_crtf_limit_Holder_must_possess_glasses_for_near_intermediate_vision_,0.0
med_crtf_limit_HOLDER_SHALL_POSSESS_GLASSES_FOR_NEAR___INTERMEDIATE_VISION_,0.0
med_crtf_limit_HOLDER_SHALL_POSSESS_GLASSES_FOR_NEAR___INTERMEDIATE_VISION,0.0
med_crtf_limit_Glasses_,0.0
med_crtf_limit_Glasses_must_be_worn_,0.0
med_crtf_limit_Glasses_must_be_worn,0.0
med_crtf_limit_MUST_HAVE_AVAILABLE_GLASSES_FOR_NEAR_VISION___,0.0
med_crtf_limit_MUST_HAVE_AVAILABLE_GLASSESS_FOR_NEAR_VISION,0.0
med_crtf_limit_MUST_WEAR_CORRECTIVE_LENSES___NOT_VALID_FOR_ANY_CLASS_AFTER_,0.0
med_crtf_limit_MUST_WEAR_CORR__LENSES_FOR_DISTANT_VISION_AND_HAVE_GLASSES_FOR_NEAR_VISION_,0.0
med_crtf_limit_MUST_WEAR_CORRECTIVE_LENSES___,0.0
med_crtf_limit_MUST_WEAR_CORRECTIVE_LENSES_FORNEAR_AND_DISTANT_VISION,0.0
med_crtf_limit_MUST_WEAR_CORRECTIVE_LENSES_FOR_NEAR_AND_DISTANT_VISION___,0.0
med_crtf_limit_MUST_WEAR_CORRECTIVE_LENSES_FOR_NEAR_AND_DISTANT_VISION,0.0
med_crtf_limit_MUST_WEAR_CORRECTIVE_LENSES_FOR_DISTANT_VISION_AND_HAVE_GLASSES_FOR_NEAR_VISION_,0.0
med_crtf_limit_MUST_WEAR_CORRECTIVE_LENSES_FOR_DISTANT_VISION_AND_HAVE_GLASSES_FOR_NEAR_VISION,0.0
med_crtf_limit_MUST_WEAR_CORRECTIVE_LENSES_,0.0
med_crtf_limit_MUST_WEAR_CORR_LENSES___POSSESS_GLASSES_FOR_NEAR___INTRM_VISION__,0.0
med_crtf_limit_MUST_HAVE_GLASSES_FOR_NEAR_VISION,0.0
med_crtf_limit_MUST_WEAR_CORR_LENSES___POSSESS_GLASSES_FOR_NEAR___INTRM_VISION_,0.0
med_crtf_limit_MUST_WEAR_CORR_LENSES___POSSESS_GLASSES_FOR_NEAR___INTRM_VISION,0.0
med_crtf_limit_MUST_USE_CORRECTIVE_LENSES_TO_MEET_VISION_STANDARDS_AT_ALL_REQUIRED_DISTANCES,0.0
med_crtf_limit_MUST_USE_CORRECTIVE_LENS_ES__TO_MEET_VISION_STANDARDS_AT_ALL_REQUIRED_DISTANCES_,0.0
med_crtf_limit_MUST_USE_CORRECTIVE_LENS_ES__TO_MEET_VISION_STANDARDS_AT_ALL_REQUIRED_DISTANCES,0.0
med_crtf_limit_MUST_USE_CORRECTIVE_LENS_ES__TO_MEET_VISION_STANDARDS_AT_ALL_REQUIRED_DISTA,0.0
med_crtf_limit_MUST_HAVE_GLASSES_FOR_NEAR_VISION_,0.0
med_crtf_limit_Corrective_lenses_to_meet_vision_standards_at_all_distances,0.0
